fecha,local,visitante,sede,neutral,xg_local,xg_visitante,marcador_exacto,prob_marcador_exacto,top3_marcadores,prob_local,prob_empate,prob_visitante,resultado_1x2,prob_over_2_5,prob_ambos_marcan,elo_local,elo_visitante
2026-06-11,Mexico,South Africa,Mexico City,False,1.7,0.67,1-0,0.154,1-0 (15.4%); 2-0 (13.6%); 1-1 (11.2%),0.618,0.245,0.137,Local,0.421,0.402,1962.0,1663.0
2026-06-11,South Korea,Czech Republic,Zapopan,True,1.22,1.18,1-1,0.137,1-1 (13.7%); 1-0 (10.4%); 0-1 (10.0%),0.366,0.289,0.345,Local,0.431,0.495,1876.0,1804.0
2026-06-12,Canada,Bosnia and Herzegovina,Toronto,False,1.77,0.79,1-0,0.132,1-0 (13.2%); 2-0 (12.1%); 1-1 (11.3%),0.602,0.24,0.158,Local,0.471,0.458,1893.0,1661.0
2026-06-12,United States,Paraguay,Inglewood,False,1.17,1.04,1-1,0.14,1-1 (14.0%); 1-0 (12.1%); 0-0 (11.6%),0.38,0.303,0.317,Local,0.381,0.453,1843.0,1903.0
2026-06-13,Qatar,Switzerland,Santa Clara,True,0.71,2.63,0-2,0.122,0-2 (12.2%); 0-3 (10.8%); 0-1 (9.0%),0.074,0.146,0.781,Visitante,0.649,0.475,1577.0,1950.0
2026-06-13,Brazil,Morocco,East Rutherford,True,1.05,0.73,0-0,0.175,0-0 (17.5%); 1-0 (17.0%); 1-1 (13.6%),0.417,0.337,0.246,Local,0.265,0.344,2052.0,1987.0
2026-06-13,Haiti,Scotland,Foxborough,True,0.8,2.15,0-2,0.12,0-2 (12.0%); 0-1 (10.8%); 1-2 (9.7%),0.123,0.198,0.678,Visitante,0.567,0.493,1694.0,1849.0
2026-06-13,Australia,Turkey,Vancouver,True,1.21,1.2,1-1,0.137,1-1 (13.7%); 1-0 (10.2%); 0-1 (10.2%),0.357,0.289,0.354,Local,0.432,0.496,1895.0,1964.0
2026-06-14,Sweden,Tunisia,Guadalupe,True,1.22,0.98,1-1,0.139,1-1 (13.9%); 1-0 (12.9%); 0-0 (11.8%),0.408,0.302,0.29,Local,0.376,0.446,1774.0,1735.0
2026-06-14,Netherlands,Japan,Arlington,True,1.35,1.11,1-1,0.134,1-1 (13.4%); 1-0 (10.9%); 0-0 (9.2%),0.418,0.283,0.299,Local,0.446,0.503,2003.0,1991.0
2026-06-14,Germany,Curaçao,Houston,True,3.63,0.49,3-0,0.13,3-0 (13.0%); 4-0 (11.7%); 2-0 (10.7%),0.916,0.064,0.02,Local,0.778,0.379,2006.0,1602.0
2026-06-14,Ivory Coast,Ecuador,Philadelphia,True,0.58,0.98,0-0,0.216,0-0 (21.6%); 0-1 (19.9%); 1-1 (12.6%),0.208,0.36,0.432,Visitante,0.206,0.281,1817.0,2011.0
2026-06-15,Belgium,Egypt,Seattle,True,1.46,0.7,1-0,0.162,1-0 (16.2%); 1-1 (12.4%); 2-0 (12.3%),0.547,0.279,0.174,Local,0.366,0.393,1939.0,1803.0
2026-06-15,Iran,New Zealand,Inglewood,True,1.48,0.61,1-0,0.178,1-0 (17.8%); 2-0 (13.6%); 0-0 (12.9%),0.58,0.274,0.146,Local,0.348,0.358,1890.0,1717.0
2026-06-15,Spain,Cape Verde,Atlanta,True,2.85,0.42,2-0,0.155,2-0 (15.5%); 3-0 (14.7%); 1-0 (10.6%),0.866,0.104,0.031,Local,0.634,0.324,2208.0,1657.0
2026-06-15,Saudi Arabia,Uruguay,Miami Gardens,True,0.45,1.48,0-1,0.211,0-1 (21.1%); 0-2 (15.9%); 0-0 (15.0%),0.105,0.269,0.626,Visitante,0.303,0.283,1690.0,1959.0
2026-06-16,Austria,Jordan,Santa Clara,True,1.79,0.79,1-0,0.13,1-0 (13.0%); 2-0 (12.2%); 1-1 (11.2%),0.607,0.238,0.155,Local,0.477,0.46,1883.0,1767.0
2026-06-16,Argentina,Algeria,Kansas City,True,1.78,0.58,1-0,0.164,1-0 (16.4%); 2-0 (15.0%); 1-1 (10.2%),0.66,0.23,0.11,Local,0.419,0.37,2173.0,1860.0
2026-06-16,France,Senegal,East Rutherford,True,1.43,0.79,1-0,0.15,1-0 (15.0%); 1-1 (12.9%); 0-0 (11.5%),0.517,0.283,0.2,Local,0.381,0.42,2113.0,1906.0
2026-06-16,Iraq,Norway,Foxborough,True,0.65,1.8,0-1,0.151,0-1 (15.1%); 0-2 (14.0%); 1-1 (10.6%),0.123,0.23,0.647,Visitante,0.443,0.402,1745.0,1976.0
2026-06-17,Portugal,DR Congo,Houston,True,1.7,0.54,1-0,0.177,1-0 (17.7%); 2-0 (15.4%); 0-0 (11.2%),0.653,0.239,0.108,Local,0.386,0.344,2038.0,1764.0
2026-06-17,Uzbekistan,Colombia,Mexico City,True,0.56,1.6,0-1,0.179,0-1 (17.9%); 0-2 (14.7%); 0-0 (12.0%),0.123,0.255,0.622,Visitante,0.368,0.349,1824.0,2048.0
2026-06-17,England,Croatia,Arlington,True,1.34,0.77,1-0,0.156,1-0 (15.6%); 1-1 (13.1%); 0-0 (12.7%),0.496,0.295,0.209,Local,0.354,0.404,2080.0,1965.0
2026-06-17,Ghana,Panama,Toronto,True,1.2,1.09,1-1,0.139,1-1 (13.9%); 1-0 (11.5%); 0-0 (10.8%),0.379,0.297,0.324,Local,0.401,0.47,1633.0,1833.0
2026-06-18,Czech Republic,South Africa,Atlanta,True,1.37,0.87,1-0,0.14,1-0 (14.0%); 1-1 (13.3%); 0-0 (11.3%),0.48,0.289,0.231,Local,0.386,0.438,1804.0,1663.0
2026-06-18,Mexico,South Korea,Zapopan,False,1.46,0.94,1-1,0.13,1-1 (13.0%); 1-0 (12.6%); 2-0 (9.7%),0.487,0.277,0.236,Local,0.432,0.475,1962.0,1876.0
2026-06-18,Switzerland,Bosnia and Herzegovina,Inglewood,True,1.97,0.7,2-0,0.134,2-0 (13.4%); 1-0 (13.2%); 1-1 (10.0%),0.668,0.213,0.119,Local,0.499,0.438,1950.0,1661.0
2026-06-18,Canada,Qatar,Vancouver,False,2.37,0.8,2-0,0.118,2-0 (11.8%); 1-0 (9.6%); 2-1 (9.4%),0.719,0.176,0.105,Local,0.613,0.503,1893.0,1577.0
2026-06-19,Turkey,Paraguay,Santa Clara,True,1.14,1.07,1-1,0.14,1-1 (14.0%); 1-0 (11.9%); 0-0 (11.7%),0.366,0.304,0.33,Local,0.378,0.452,1964.0,1903.0
2026-06-19,Scotland,Morocco,Foxborough,True,0.62,1.23,0-1,0.187,0-1 (18.7%); 0-0 (16.3%); 1-1 (12.6%),0.181,0.314,0.505,Visitante,0.283,0.333,1849.0,1987.0
2026-06-19,Brazil,Haiti,Philadelphia,True,3.63,0.48,3-0,0.131,3-0 (13.1%); 4-0 (11.9%); 2-0 (10.8%),0.917,0.063,0.019,Local,0.777,0.373,2052.0,1694.0
2026-06-19,United States,Australia,Seattle,False,1.24,1.18,1-1,0.137,1-1 (13.7%); 1-0 (10.4%); 0-1 (9.9%),0.369,0.288,0.343,Local,0.435,0.498,1843.0,1895.0
2026-06-20,Netherlands,Sweden,Houston,True,1.99,1.05,1-1,0.105,1-1 (10.5%); 2-1 (9.9%); 2-0 (9.4%),0.586,0.224,0.19,Local,0.587,0.567,2003.0,1774.0
2026-06-20,Tunisia,Japan,Guadalupe,True,0.67,1.28,0-1,0.177,0-1 (17.7%); 0-0 (14.9%); 1-1 (12.8%),0.188,0.306,0.506,Visitante,0.308,0.357,1735.0,1991.0
2026-06-20,Germany,Ivory Coast,Toronto,True,1.68,0.82,1-0,0.132,1-0 (13.2%); 1-1 (11.9%); 2-0 (11.6%),0.573,0.252,0.176,Local,0.457,0.461,2006.0,1817.0
2026-06-20,Ecuador,Curaçao,Kansas City,True,2.1,0.35,2-0,0.19,2-0 (19.0%); 1-0 (17.8%); 3-0 (13.4%),0.785,0.168,0.047,Local,0.444,0.262,2011.0,1602.0
2026-06-21,Belgium,Iran,Inglewood,True,1.56,0.9,1-0,0.128,1-0 (12.8%); 1-1 (12.6%); 2-0 (10.4%),0.524,0.266,0.21,Local,0.446,0.474,1939.0,1890.0
2026-06-21,New Zealand,Egypt,Vancouver,True,0.57,1.16,0-1,0.201,0-1 (20.1%); 0-0 (18.4%); 1-1 (12.3%),0.175,0.327,0.498,Visitante,0.25,0.303,1717.0,1803.0
2026-06-21,Spain,Saudi Arabia,Atlanta,True,2.51,0.42,2-0,0.168,2-0 (16.8%); 3-0 (14.0%); 1-0 (13.1%),0.826,0.132,0.042,Local,0.561,0.32,2208.0,1690.0
2026-06-21,Uruguay,Cape Verde,Miami Gardens,True,1.68,0.44,1-0,0.197,1-0 (19.7%); 2-0 (16.9%); 0-0 (12.4%),0.676,0.236,0.088,Local,0.356,0.295,1959.0,1657.0
2026-06-22,France,Iraq,Philadelphia,True,2.03,0.47,2-0,0.169,2-0 (16.9%); 1-0 (16.3%); 3-0 (11.5%),0.741,0.188,0.07,Local,0.456,0.329,2113.0,1745.0
2026-06-22,Norway,Senegal,East Rutherford,True,1.27,1.08,1-1,0.137,1-1 (13.7%); 1-0 (11.4%); 0-0 (10.2%),0.399,0.291,0.31,Local,0.418,0.482,1976.0,1906.0
2026-06-22,Argentina,Austria,Arlington,True,1.55,0.58,1-0,0.178,1-0 (17.8%); 2-0 (14.3%); 0-0 (12.3%),0.606,0.262,0.132,Local,0.36,0.353,2173.0,1883.0
2026-06-22,Jordan,Algeria,Santa Clara,True,0.9,1.78,0-1,0.116,0-1 (11.6%); 1-1 (11.5%); 0-2 (10.8%),0.182,0.241,0.577,Visitante,0.503,0.5,1767.0,1860.0
2026-06-23,Portugal,Uzbekistan,Houston,True,1.76,0.57,1-0,0.167,1-0 (16.7%); 2-0 (15.1%); 1-1 (10.2%),0.658,0.232,0.11,Local,0.412,0.364,2038.0,1824.0
2026-06-23,Colombia,DR Congo,Zapopan,True,1.54,0.53,1-0,0.189,1-0 (18.9%); 2-0 (14.9%); 0-0 (13.1%),0.617,0.262,0.121,Local,0.343,0.329,2048.0,1764.0
2026-06-23,England,Ghana,Foxborough,True,2.1,0.45,2-0,0.172,2-0 (17.2%); 1-0 (16.0%); 3-0 (12.0%),0.758,0.178,0.064,Local,0.47,0.323,2080.0,1633.0
2026-06-23,Panama,Croatia,Toronto,True,0.7,2.05,0-2,0.135,0-2 (13.5%); 0-1 (12.7%); 1-1 (9.6%),0.111,0.203,0.686,Visitante,0.517,0.441,1833.0,1965.0
2026-06-24,Morocco,Haiti,Atlanta,True,2.27,0.43,2-0,0.173,2-0 (17.3%); 1-0 (14.9%); 3-0 (13.1%),0.792,0.157,0.052,Local,0.507,0.316,1987.0,1694.0
2026-06-24,Bosnia and Herzegovina,Qatar,Seattle,True,1.43,1.08,1-1,0.132,1-1 (13.2%); 1-0 (11.0%); 2-1 (9.0%),0.444,0.276,0.28,Local,0.46,0.51,1661.0,1577.0
2026-06-24,Scotland,Brazil,Miami Gardens,True,0.69,1.97,0-2,0.135,0-2 (13.5%); 0-1 (13.3%); 1-1 (10.0%),0.118,0.213,0.669,Visitante,0.496,0.435,1849.0,2052.0
2026-06-24,South Africa,South Korea,Guadalupe,True,0.81,1.32,0-1,0.151,0-1 (15.1%); 1-1 (13.3%); 0-0 (12.5%),0.222,0.297,0.482,Visitante,0.357,0.412,1663.0,1876.0
2026-06-24,Mexico,Czech Republic,Mexico City,False,1.57,0.97,1-1,0.126,1-1 (12.6%); 1-0 (11.7%); 2-0 (9.7%),0.507,0.265,0.228,Local,0.469,0.5,1962.0,1804.0
2026-06-24,Canada,Switzerland,Vancouver,False,1.16,1.45,1-1,0.13,1-1 (13.0%); 0-1 (10.1%); 1-2 (9.0%),0.295,0.272,0.432,Visitante,0.484,0.531,1893.0,1950.0
2026-06-25,United States,Turkey,Inglewood,False,1.55,1.48,1-1,0.116,1-1 (11.6%); 2-1 (8.6%); 1-2 (8.2%),0.39,0.252,0.358,Local,0.583,0.613,1843.0,1964.0
2026-06-25,Paraguay,Australia,Santa Clara,True,0.85,0.91,0-0,0.179,0-0 (17.9%); 0-1 (15.0%); 1-0 (14.0%),0.31,0.346,0.344,Empate,0.259,0.349,1903.0,1895.0
2026-06-25,Curaçao,Ivory Coast,Philadelphia,True,0.51,1.85,0-1,0.17,0-1 (17.0%); 0-2 (16.1%); 0-3 (9.9%),0.091,0.216,0.694,Visitante,0.421,0.343,1602.0,1817.0
2026-06-25,Ecuador,Germany,East Rutherford,True,0.93,1.14,1-1,0.14,1-1 (14.0%); 0-1 (13.7%); 0-0 (13.2%),0.29,0.313,0.397,Visitante,0.343,0.419,2011.0,2006.0
2026-06-25,Japan,Sweden,Arlington,True,1.56,1.01,1-1,0.127,1-1 (12.7%); 1-0 (11.4%); 2-1 (9.4%),0.495,0.266,0.239,Local,0.474,0.508,1991.0,1774.0
2026-06-25,Tunisia,Netherlands,Kansas City,True,0.7,1.63,0-1,0.154,0-1 (15.4%); 0-2 (13.0%); 1-1 (11.6%),0.151,0.255,0.594,Visitante,0.411,0.408,1735.0,2003.0
2026-06-26,Senegal,Iraq,Toronto,True,1.38,0.58,1-0,0.189,1-0 (18.9%); 0-0 (14.7%); 2-0 (13.4%),0.561,0.289,0.15,Local,0.312,0.334,1906.0,1745.0
2026-06-26,Norway,France,Foxborough,True,1.03,1.6,1-1,0.125,1-1 (12.5%); 0-1 (11.0%); 1-2 (9.5%),0.238,0.262,0.5,Visitante,0.488,0.518,1976.0,2113.0
2026-06-26,Uruguay,Spain,Zapopan,True,0.74,1.33,0-1,0.161,0-1 (16.1%); 0-0 (13.2%); 1-1 (13.0%),0.202,0.296,0.501,Visitante,0.344,0.392,1959.0,2208.0
2026-06-26,New Zealand,Belgium,Vancouver,True,0.51,2.17,0-2,0.162,0-2 (16.2%); 0-1 (14.5%); 0-3 (11.7%),0.07,0.176,0.754,Visitante,0.5,0.357,1717.0,1939.0
2026-06-26,Egypt,Iran,Seattle,True,0.84,1.0,0-0,0.166,0-0 (16.6%); 0-1 (15.3%); 1-1 (14.0%),0.288,0.336,0.375,Visitante,0.279,0.365,1803.0,1890.0
2026-06-26,Cape Verde,Saudi Arabia,Houston,True,0.83,0.96,0-0,0.174,0-0 (17.4%); 0-1 (15.3%); 1-1 (14.0%),0.295,0.342,0.362,Visitante,0.266,0.354,1657.0,1690.0
2026-06-27,Panama,England,East Rutherford,True,0.47,2.41,0-2,0.163,0-2 (16.3%); 0-1 (13.2%); 0-3 (13.1%),0.052,0.147,0.801,Visitante,0.549,0.345,1833.0,2080.0
2026-06-27,Algeria,Austria,Kansas City,True,1.1,1.26,1-1,0.137,1-1 (13.7%); 0-1 (11.3%); 0-0 (10.1%),0.315,0.291,0.394,Visitante,0.42,0.485,1860.0,1883.0
2026-06-27,Jordan,Argentina,Arlington,True,0.42,2.52,0-2,0.169,0-2 (16.9%); 0-3 (14.2%); 0-1 (13.1%),0.04,0.13,0.829,Visitante,0.563,0.316,1767.0,2173.0
2026-06-27,Colombia,Portugal,Miami Gardens,True,1.17,1.27,1-1,0.136,1-1 (13.6%); 0-1 (10.5%); 1-0 (9.6%),0.332,0.286,0.382,Visitante,0.44,0.502,2048.0,2038.0
2026-06-27,DR Congo,Uzbekistan,Atlanta,True,0.74,0.75,0-0,0.232,0-0 (23.2%); 0-1 (16.4%); 1-0 (16.0%),0.305,0.381,0.314,Empate,0.189,0.282,1764.0,1824.0
2026-06-27,Croatia,Ghana,Philadelphia,True,1.79,0.67,1-0,0.148,1-0 (14.8%); 2-0 (13.7%); 1-1 (10.7%),0.638,0.233,0.129,Local,0.445,0.411,1965.0,1633.0
